{"prefix": {"roocs": "urn:roocs:", "provone": "http://purl.dataone.org/provone/2015/01/15/ontology#", "dct": "http://purl.org/dc/terms/"}, "agent": {"roocs:C3S_CDS": {"prov:type": {"$": "prov:Organization", "type": "prov:QUALIFIED_NAME"}, "prov:label": "Copernicus Climate Data Store", "dct:source": "https://cds.climate.copernicus.eu"}, "roocs:rook_v0.8.2": {"prov:type": {"$": "prov:SoftwareAgent", "type": "prov:QUALIFIED_NAME"}, "prov:label": "Rook", "dct:source": "https://github.com/roocs/rook/releases/tag/v0.8.2"}, "roocs:daops_v0.8.1": {"prov:type": {"$": "prov:SoftwareAgent", "type": "prov:QUALIFIED_NAME"}, "prov:label": "DAOPS", "dct:source": "https://github.com/roocs/daops/releases/tag/v0.8.1"}}, "wasAttributedTo": {"_:id1": {"prov:entity": "roocs:rook_v0.8.2", "prov:agent": "roocs:C3S_CDS"}}, "entity": {"roocs:workflow_573896b2-246d-4b69-b109-df87a2071101": {"prov:type": {"$": "provone:Workflow", "type": "prov:QUALIFIED_NAME"}}, "roocs:c3s-cmip6.CMIP.EC-Earth-Consortium.EC-Earth3-Veg-LR.historical.r1i1p1f1.day.pr.gr.v20200217": {"prov:type": {"$": "provone:Data", "type": "prov:QUALIFIED_NAME"}, "prov:label": "c3s-cmip6.CMIP.EC-Earth-Consortium.EC-Earth3-Veg-LR.historical.r1i1p1f1.day.pr.gr.v20200217"}, "roocs:pr_day_EC-Earth3-Veg-LR_historical_r1i1p1f1_gr_18500101-20141231.nc": {"prov:type": {"$": "provone:Data", "type": "prov:QUALIFIED_NAME"}, "prov:label": "pr_day_EC-Earth3-Veg-LR_historical_r1i1p1f1_gr_18500101-20141231.nc"}}, "activity": {"roocs:orchestrate_573896b2-246d-4b69-b109-df87a2071101": {"prov:type": {"$": "provone:Execution", "type": "prov:QUALIFIED_NAME"}, "prov:label": "orchestrate", "prov:startTime": "2022-08-19T02:18:48", "prov:endTime": "2022-08-19T02:21:35"}, "roocs:subset_pr_1_2b5a570c-a713-4b57-b6ad-a5b554c767c1": {"prov:type": {"$": "provone:Execution", "type": "prov:QUALIFIED_NAME"}, "prov:label": "subset_pr_1", "roocs:area": "27,-3,37,6", "roocs:apply_fixes": false}}, "wasAssociatedWith": {"_:id2": {"prov:activity": "roocs:orchestrate_573896b2-246d-4b69-b109-df87a2071101", "prov:agent": "roocs:rook_v0.8.2", "prov:plan": "roocs:workflow_573896b2-246d-4b69-b109-df87a2071101"}, "_:id3": {"prov:activity": "roocs:subset_pr_1_2b5a570c-a713-4b57-b6ad-a5b554c767c1", "prov:agent": "roocs:daops_v0.8.1", "prov:plan": "roocs:workflow_573896b2-246d-4b69-b109-df87a2071101"}}, "wasDerivedFrom": {"_:id4": {"prov:generatedEntity": "roocs:pr_day_EC-Earth3-Veg-LR_historical_r1i1p1f1_gr_18500101-20141231.nc", "prov:usedEntity": "roocs:c3s-cmip6.CMIP.EC-Earth-Consortium.EC-Earth3-Veg-LR.historical.r1i1p1f1.day.pr.gr.v20200217", "prov:activity": "roocs:subset_pr_1_2b5a570c-a713-4b57-b6ad-a5b554c767c1"}}}