{"prefix": {"roocs": "urn:roocs:", "provone": "http://purl.dataone.org/provone/2015/01/15/ontology#", "dcterms": "http://purl.org/dc/terms/"}, "agent": {"roocs:C3S_CDS": {"prov:type": {"$": "prov:Organization", "type": "prov:QUALIFIED_NAME"}, "prov:label": "Copernicus Climate Data Store", "dcterms:source": "https://cds.climate.copernicus.eu"}, "roocs:rook_v0.10.1": {"prov:type": {"$": "prov:SoftwareAgent", "type": "prov:QUALIFIED_NAME"}, "prov:label": "Rook", "dcterms:source": "https://github.com/roocs/rook/releases/tag/v0.10.1"}, "roocs:daops_v0.8.1": {"prov:type": {"$": "prov:SoftwareAgent", "type": "prov:QUALIFIED_NAME"}, "prov:label": "DAOPS", "dcterms:source": "https://github.com/roocs/daops/releases/tag/v0.8.1"}}, "wasAttributedTo": {"_:id1": {"prov:entity": "roocs:rook_v0.10.1", "prov:agent": "roocs:C3S_CDS"}}, "entity": {"roocs:workflow_ce3bc55a-6249-40c7-8d30-f394ec32b587": {"prov:type": {"$": "provone:Workflow", "type": "prov:QUALIFIED_NAME"}}, "roocs:c3s-cmip6.CMIP.EC-Earth-Consortium.EC-Earth3-Veg-LR.historical.r1i1p1f1.day.pr.gr.v20200217": {"prov:type": {"$": "provone:Data", "type": "prov:QUALIFIED_NAME"}, "prov:label": "c3s-cmip6.CMIP.EC-Earth-Consortium.EC-Earth3-Veg-LR.historical.r1i1p1f1.day.pr.gr.v20200217"}, "roocs:pr_day_EC-Earth3-Veg-LR_historical_r1i1p1f1_gr_18500101-20141231.nc": {"prov:type": {"$": "provone:Data", "type": "prov:QUALIFIED_NAME"}, "prov:label": "pr_day_EC-Earth3-Veg-LR_historical_r1i1p1f1_gr_18500101-20141231.nc"}}, "activity": {"roocs:orchestrate_ce3bc55a-6249-40c7-8d30-f394ec32b587": {"prov:type": {"$": "provone:Execution", "type": "prov:QUALIFIED_NAME"}, "prov:label": "orchestrate", "prov:startTime": "2023-09-15T10:35:33", "prov:endTime": "2023-09-15T10:40:37"}, "roocs:subset_pr_1_04dedb37-29e4-4340-bd7f-00eff1658196": {"prov:type": {"$": "provone:Execution", "type": "prov:QUALIFIED_NAME"}, "prov:label": "subset_pr_1", "roocs:area": "32,-26,33,-25", "roocs:apply_fixes": false}}, "wasAssociatedWith": {"_:id2": {"prov:activity": "roocs:orchestrate_ce3bc55a-6249-40c7-8d30-f394ec32b587", "prov:agent": "roocs:rook_v0.10.1", "prov:plan": "roocs:workflow_ce3bc55a-6249-40c7-8d30-f394ec32b587"}, "_:id3": {"prov:activity": "roocs:subset_pr_1_04dedb37-29e4-4340-bd7f-00eff1658196", "prov:agent": "roocs:daops_v0.8.1", "prov:plan": "roocs:workflow_ce3bc55a-6249-40c7-8d30-f394ec32b587"}}, "wasDerivedFrom": {"_:id4": {"prov:generatedEntity": "roocs:pr_day_EC-Earth3-Veg-LR_historical_r1i1p1f1_gr_18500101-20141231.nc", "prov:usedEntity": "roocs:c3s-cmip6.CMIP.EC-Earth-Consortium.EC-Earth3-Veg-LR.historical.r1i1p1f1.day.pr.gr.v20200217", "prov:activity": "roocs:subset_pr_1_04dedb37-29e4-4340-bd7f-00eff1658196"}}}