{"prefix": {"roocs": "urn:roocs:", "provone": "http://purl.dataone.org/provone/2015/01/15/ontology#", "dct": "http://purl.org/dc/terms/"}, "agent": {"roocs:C3S_CDS": {"prov:type": {"$": "prov:Organization", "type": "prov:QUALIFIED_NAME"}, "prov:label": "Copernicus Climate Data Store", "dct:source": "https://cds.climate.copernicus.eu"}, "roocs:rook_v0.8.2": {"prov:type": {"$": "prov:SoftwareAgent", "type": "prov:QUALIFIED_NAME"}, "prov:label": "Rook", "dct:source": "https://github.com/roocs/rook/releases/tag/v0.8.2"}, "roocs:daops_v0.8.1": {"prov:type": {"$": "prov:SoftwareAgent", "type": "prov:QUALIFIED_NAME"}, "prov:label": "DAOPS", "dct:source": "https://github.com/roocs/daops/releases/tag/v0.8.1"}}, "wasAttributedTo": {"_:id1": {"prov:entity": "roocs:rook_v0.8.2", "prov:agent": "roocs:C3S_CDS"}}, "entity": {"roocs:workflow_4fba79cc-6bae-4414-a0b0-ad91055f9230": {"prov:type": {"$": "provone:Workflow", "type": "prov:QUALIFIED_NAME"}}, "roocs:c3s-cmip6.ScenarioMIP.EC-Earth-Consortium.EC-Earth3-Veg-LR.ssp370.r1i1p1f1.day.pr.gr.v20201123": {"prov:type": {"$": "provone:Data", "type": "prov:QUALIFIED_NAME"}, "prov:label": "c3s-cmip6.ScenarioMIP.EC-Earth-Consortium.EC-Earth3-Veg-LR.ssp370.r1i1p1f1.day.pr.gr.v20201123"}, "roocs:pr_day_EC-Earth3-Veg-LR_ssp370_r1i1p1f1_gr_20220101-21001231.nc": {"prov:type": {"$": "provone:Data", "type": "prov:QUALIFIED_NAME"}, "prov:label": "pr_day_EC-Earth3-Veg-LR_ssp370_r1i1p1f1_gr_20220101-21001231.nc"}}, "activity": {"roocs:orchestrate_4fba79cc-6bae-4414-a0b0-ad91055f9230": {"prov:type": {"$": "provone:Execution", "type": "prov:QUALIFIED_NAME"}, "prov:label": "orchestrate", "prov:startTime": "2022-08-19T02:27:42", "prov:endTime": "2022-08-19T02:29:31"}, "roocs:subset_pr_1_ec6bedf0-9bf8-4d6b-9249-7742db9249d2": {"prov:type": {"$": "provone:Execution", "type": "prov:QUALIFIED_NAME"}, "prov:label": "subset_pr_1", "roocs:time": "2022-01-01/2100-12-31", "roocs:area": "27,-3,37,6", "roocs:apply_fixes": false}}, "wasAssociatedWith": {"_:id2": {"prov:activity": "roocs:orchestrate_4fba79cc-6bae-4414-a0b0-ad91055f9230", "prov:agent": "roocs:rook_v0.8.2", "prov:plan": "roocs:workflow_4fba79cc-6bae-4414-a0b0-ad91055f9230"}, "_:id3": {"prov:activity": "roocs:subset_pr_1_ec6bedf0-9bf8-4d6b-9249-7742db9249d2", "prov:agent": "roocs:daops_v0.8.1", "prov:plan": "roocs:workflow_4fba79cc-6bae-4414-a0b0-ad91055f9230"}}, "wasDerivedFrom": {"_:id4": {"prov:generatedEntity": "roocs:pr_day_EC-Earth3-Veg-LR_ssp370_r1i1p1f1_gr_20220101-21001231.nc", "prov:usedEntity": "roocs:c3s-cmip6.ScenarioMIP.EC-Earth-Consortium.EC-Earth3-Veg-LR.ssp370.r1i1p1f1.day.pr.gr.v20201123", "prov:activity": "roocs:subset_pr_1_ec6bedf0-9bf8-4d6b-9249-7742db9249d2"}}}